"S/T code","S/T name","GCCSA code","GCCSA name","SA4 code","SA4 name","SA3 code","SA3 name","SA2 code","SA2 name","Population"
"1","New South Wales","1RNSW","Rest of NSW","101","Capital Region","10102","Queanbeyan","101021007","Braidwood","4039"
"1","New South Wales","1RNSW","Rest of NSW","101","Capital Region","10102","Queanbeyan","101021008","Karabar","8476"
"1","New South Wales","1RNSW","Rest of NSW","101","Capital Region","10102","Queanbeyan","101021009","Queanbeyan","11340"
"1","New South Wales","1RNSW","Rest of NSW","101","Capital Region","10102","Queanbeyan","101021010","Queanbeyan - East","5011"
"1","New South Wales","1RNSW","Rest of NSW","101","Capital Region","10102","Queanbeyan","101021011","Queanbeyan Region","18188"
"1","New South Wales","1RNSW","Rest of NSW","101","Capital Region","10102","Queanbeyan","101021012","Queanbeyan West - Jerrabomberra","13136"
"1","New South Wales","1RNSW","Rest of NSW","101","Capital Region","10103","Snowy Mountains","101031013","Bombala","2413"
"1","New South Wales","1RNSW","Rest of NSW","101","Capital Region","10103","Snowy Mountains","101031014","Cooma","6853"
"1","New South Wales","1RNSW","Rest of NSW","101","Capital Region","10103","Snowy Mountains","101031015","Cooma Region","3341"
"1","New South Wales","1RNSW","Rest of NSW","101","Capital Region","10103","Snowy Mountains","101031016","Jindabyne - Berridale","7113"
"1","New South Wales","1RNSW","Rest of NSW","101","Capital Region","10104","South Coast","101041017","Batemans Bay","7911"
"1","New South Wales","1RNSW","Rest of NSW","101","Capital Region","10104","South Coast","101041018","Batemans Bay - South","8521"
"1","New South Wales","1RNSW","Rest of NSW","101","Capital Region","10104","South Coast","101041019","Bega - Tathra","8631"
"1","New South Wales","1RNSW","Rest of NSW","101","Capital Region","10104","South Coast","101041020","Bega-Eden Hinterland","8924"
"1","New South Wales","1RNSW","Rest of NSW","101","Capital Region","10104","South Coast","101041021","Broulee - Tomakin","3397"
"1","New South Wales","1RNSW","Rest of NSW","101","Capital Region","10104","South Coast","101041022","Deua - Wadbilliga","25"
"1","New South Wales","1RNSW","Rest of NSW","101","Capital Region","10104","South Coast","101041023","Eden","3283"
"1","New South Wales","1RNSW","Rest of NSW","101","Capital Region","10104","South Coast","101041024","Eurobodalla Hinterland","3385"
"1","New South Wales","1RNSW","Rest of NSW","101","Capital Region","10104","South Coast","101041025","Merimbula - Tura Beach","10990"
"1","New South Wales","1RNSW","Rest of NSW","101","Capital Region","10104","South Coast","101041026","Moruya - Tuross Head","8116"
"1","New South Wales","1RNSW","Rest of NSW","101","Capital Region","10104","South Coast","101041027","Narooma - Bermagui","9168"
"1","New South Wales","1RNSW","Rest of NSW","101","Capital Region","10105","Goulburn - Mulwaree","101051539","Goulburn","23641"
"1","New South Wales","1RNSW","Rest of NSW","101","Capital Region","10105","Goulburn - Mulwaree","101051540","Goulburn Region","13003"
"1","New South Wales","1RNSW","Rest of NSW","101","Capital Region","10106","Young - Yass","101061541","Yass","6672"
"1","New South Wales","1RNSW","Rest of NSW","101","Capital Region","10106","Young - Yass","101061542","Yass Region","11974"
"1","New South Wales","1RNSW","Rest of NSW","101","Capital Region","10106","Young - Yass","101061543","Young","10763"
"1","New South Wales","1RNSW","Rest of NSW","101","Capital Region","10106","Young - Yass","101061544","Young Region","7352"
"1","New South Wales","1GSYD","Greater Sydney","102","Central Coast","10201","Gosford","102011028","Avoca Beach - Copacabana","7676"
"1","New South Wales","1GSYD","Greater Sydney","102","Central Coast","10201","Gosford","102011029","Box Head - MacMasters Beach","11030"
"1","New South Wales","1GSYD","Greater Sydney","102","Central Coast","10201","Gosford","102011030","Calga - Kulnura","4890"
"1","New South Wales","1GSYD","Greater Sydney","102","Central Coast","10201","Gosford","102011031","Erina - Green Point","14347"
"1","New South Wales","1GSYD","Greater Sydney","102","Central Coast","10201","Gosford","102011032","Gosford - Springfield","19497"
"1","New South Wales","1GSYD","Greater Sydney","102","Central Coast","10201","Gosford","102011033","Kariong","6567"
"1","New South Wales","1GSYD","Greater Sydney","102","Central Coast","10201","Gosford","102011034","Kincumber - Picketts Valley","7484"
"1","New South Wales","1GSYD","Greater Sydney","102","Central Coast","10201","Gosford","102011035","Narara","6872"
"1","New South Wales","1GSYD","Greater Sydney","102","Central Coast","10201","Gosford","102011036","Niagara Park - Lisarow","8175"
"1","New South Wales","1GSYD","Greater Sydney","102","Central Coast","10201","Gosford","102011037","Point Clare - Koolewong","6343"
"1","New South Wales","1GSYD","Greater Sydney","102","Central Coast","10201","Gosford","102011038","Saratoga - Davistown","7234"
"1","New South Wales","1GSYD","Greater Sydney","102","Central Coast","10201","Gosford","102011039","Terrigal - North Avoca","14086"
"1","New South Wales","1GSYD","Greater Sydney","102","Central Coast","10201","Gosford","102011040","Umina - Booker Bay - Patonga","24457"
"1","New South Wales","1GSYD","Greater Sydney","102","Central Coast","10201","Gosford","102011041","Wamberal - Forresters Beach","10238"
"1","New South Wales","1GSYD","Greater Sydney","102","Central Coast","10201","Gosford","102011042","Woy Woy - Blackwall","14369"
"1","New South Wales","1GSYD","Greater Sydney","102","Central Coast","10201","Gosford","102011043","Wyoming","11777"
"1","New South Wales","1GSYD","Greater Sydney","102","Central Coast","10202","Wyong","102021044","Bateau Bay - Killarney Vale","22541"
"1","New South Wales","1GSYD","Greater Sydney","102","Central Coast","10202","Wyong","102021045","Blue Haven - San Remo","11364"
"1","New South Wales","1GSYD","Greater Sydney","102","Central Coast","10202","Wyong","102021046","Budgewoi - Buff Point - Halekulani","9662"
"1","New South Wales","1GSYD","Greater Sydney","102","Central Coast","10202","Wyong","102021047","Chittaway Bay - Tumbi Umbi","15732"
"1","New South Wales","1GSYD","Greater Sydney","102","Central Coast","10202","Wyong","102021048","Gorokan - Kanwal - Charmhaven","22669"
"1","New South Wales","1GSYD","Greater Sydney","102","Central Coast","10202","Wyong","102021049","Jilliby - Yarramalong","3469"
"1","New South Wales","1GSYD","Greater Sydney","102","Central Coast","10202","Wyong","102021050","Lake Munmorah - Mannering Park","11039"
"1","New South Wales","1GSYD","Greater Sydney","102","Central Coast","10202","Wyong","102021051","Ourimbah - Fountaindale","5016"
"1","New South Wales","1GSYD","Greater Sydney","102","Central Coast","10202","Wyong","102021052","Summerland Point - Gwandalan","5957"
"1","New South Wales","1GSYD","Greater Sydney","102","Central Coast","10202","Wyong","102021053","The Entrance","15569"
"1","New South Wales","1GSYD","Greater Sydney","102","Central Coast","10202","Wyong","102021054","Toukley - Norah Head","10170"
"1","New South Wales","1GSYD","Greater Sydney","102","Central Coast","10202","Wyong","102021055","Tuggerah - Kangy Angy","5452"
"1","New South Wales","1GSYD","Greater Sydney","102","Central Coast","10202","Wyong","102021056","Warnervale - Wadalba","16440"
"1","New South Wales","1GSYD","Greater Sydney","102","Central Coast","10202","Wyong","102021057","Wyong","9114"
"1","New South Wales","1RNSW","Rest of NSW","103","Central West","10301","Bathurst","103011058","Bathurst","24569"
"1","New South Wales","1RNSW","Rest of NSW","103","Central West","10301","Bathurst","103011059","Bathurst - East","11766"
"1","New South Wales","1RNSW","Rest of NSW","103","Central West","10301","Bathurst","103011060","Bathurst Region","7022"
"1","New South Wales","1RNSW","Rest of NSW","103","Central West","10301","Bathurst","103011061","Oberon","4729"
"1","New South Wales","1RNSW","Rest of NSW","103","Central West","10302","Lachlan Valley","103021062","Condobolin","6704"
"1","New South Wales","1RNSW","Rest of NSW","103","Central West","10302","Lachlan Valley","103021063","Cowra","9310"
"1","New South Wales","1RNSW","Rest of NSW","103","Central West","10302","Lachlan Valley","103021064","Cowra Region","5521"
"1","New South Wales","1RNSW","Rest of NSW","103","Central West","10302","Lachlan Valley","103021065","Forbes","10432"
"1","New South Wales","1RNSW","Rest of NSW","103","Central West","10302","Lachlan Valley","103021066","Grenfell","3649"
"1","New South Wales","1RNSW","Rest of NSW","103","Central West","10302","Lachlan Valley","103021067","Parkes (NSW)","11229"
"1","New South Wales","1RNSW","Rest of NSW","103","Central West","10302","Lachlan Valley","103021068","Parkes Region","3417"
"1","New South Wales","1RNSW","Rest of NSW","103","Central West","10302","Lachlan Valley","103021069","West Wyalong","5978"
"1","New South Wales","1RNSW","Rest of NSW","103","Central West","10303","Lithgow - Mudgee","103031070","Lithgow","13006"
"1","New South Wales","1RNSW","Rest of NSW","103","Central West","10303","Lithgow - Mudgee","103031071","Lithgow Region","8487"
"1","New South Wales","1RNSW","Rest of NSW","103","Central West","10303","Lithgow - Mudgee","103031072","Mudgee","12203"
"1","New South Wales","1RNSW","Rest of NSW","103","Central West","10303","Lithgow - Mudgee","103031073","Mudgee Region - East","3490"
"1","New South Wales","1RNSW","Rest of NSW","103","Central West","10303","Lithgow - Mudgee","103031074","Mudgee Region - West","10549"
"1","New South Wales","1RNSW","Rest of NSW","103","Central West","10303","Lithgow - Mudgee","103031075","Wollangambe - Wollemi","0"
"1","New South Wales","1RNSW","Rest of NSW","103","Central West","10304","Orange","103041076","Blayney","7357"
"1","New South Wales","1RNSW","Rest of NSW","103","Central West","10304","Orange","103041077","Orange","19151"
"1","New South Wales","1RNSW","Rest of NSW","103","Central West","10304","Orange","103041078","Orange - North","20780"
"1","New South Wales","1RNSW","Rest of NSW","103","Central West","10304","Orange","103041079","Orange Region","11875"
"1","New South Wales","1RNSW","Rest of NSW","104","Coffs Harbour - Grafton","10401","Clarence Valley","104011080","Grafton","19063"
"1","New South Wales","1RNSW","Rest of NSW","104","Coffs Harbour - Grafton","10401","Clarence Valley","104011081","Grafton Region","15602"
"1","New South Wales","1RNSW","Rest of NSW","104","Coffs Harbour - Grafton","10401","Clarence Valley","104011082","Maclean - Yamba - Iluka","16576"
"1","New South Wales","1RNSW","Rest of NSW","104","Coffs Harbour - Grafton","10402","Coffs Harbour","104021083","Bellingen","6015"
"1","New South Wales","1RNSW","Rest of NSW","104","Coffs Harbour - Grafton","10402","Coffs Harbour","104021084","Coffs Harbour - North","18041"
"1","New South Wales","1RNSW","Rest of NSW","104","Coffs Harbour - Grafton","10402","Coffs Harbour","104021085","Coffs Harbour - South","10608"
"1","New South Wales","1RNSW","Rest of NSW","104","Coffs Harbour - Grafton","10402","Coffs Harbour","104021086","Coramba - Nana Glen - Bucca","3950"
"1","New South Wales","1RNSW","Rest of NSW","104","Coffs Harbour - Grafton","10402","Coffs Harbour","104021087","Dorrigo","3243"
"1","New South Wales","1RNSW","Rest of NSW","104","Coffs Harbour - Grafton","10402","Coffs Harbour","104021088","Korora - Emerald Beach","9294"
"1","New South Wales","1RNSW","Rest of NSW","104","Coffs Harbour - Grafton","10402","Coffs Harbour","104021089","Sawtell - Boambee","19915"
"1","New South Wales","1RNSW","Rest of NSW","104","Coffs Harbour - Grafton","10402","Coffs Harbour","104021090","Urunga","4753"
"1","New South Wales","1RNSW","Rest of NSW","104","Coffs Harbour - Grafton","10402","Coffs Harbour","104021091","Woolgoolga - Arrawarra","13010"
"1","New South Wales","1RNSW","Rest of NSW","105","Far West and Orana","10501","Bourke - Cobar - Coonamble","105011092","Bourke - Brewarrina","4129"
"1","New South Wales","1RNSW","Rest of NSW","105","Far West and Orana","10501","Bourke - Cobar - Coonamble","105011093","Cobar","4749"
"1","New South Wales","1RNSW","Rest of NSW","105","Far West and Orana","10501","Bourke - Cobar - Coonamble","105011094","Coonamble","4213"
"1","New South Wales","1RNSW","Rest of NSW","105","Far West and Orana","10501","Bourke - Cobar - Coonamble","105011095","Nyngan - Warren","5023"
"1","New South Wales","1RNSW","Rest of NSW","105","Far West and Orana","10501","Bourke - Cobar - Coonamble","105011096","Walgett - Lightning Ridge","6504"
"1","New South Wales","1RNSW","Rest of NSW","105","Far West and Orana","10502","Broken Hill and Far West","105021097","Broken Hill","17873"
"1","New South Wales","1RNSW","Rest of NSW","105","Far West and Orana","10502","Broken Hill and Far West","105021098","Far West","2514"
"1","New South Wales","1RNSW","Rest of NSW","105","Far West and Orana","10503","Dubbo","105031099","Coonabarabran","8032"
"1","New South Wales","1RNSW","Rest of NSW","105","Far West and Orana","10503","Dubbo","105031100","Dubbo - East","10591"
"1","New South Wales","1RNSW","Rest of NSW","105","Far West and Orana","10503","Dubbo","105031101","Dubbo - South","17798"
"1","New South Wales","1RNSW","Rest of NSW","105","Far West and Orana","10503","Dubbo","105031102","Dubbo - West","9289"
"1","New South Wales","1RNSW","Rest of NSW","105","Far West and Orana","10503","Dubbo","105031103","Dubbo Region","5784"
"1","New South Wales","1RNSW","Rest of NSW","105","Far West and Orana","10503","Dubbo","105031104","Gilgandra","4407"
"1","New South Wales","1RNSW","Rest of NSW","105","Far West and Orana","10503","Dubbo","105031105","Narromine","6663"
"1","New South Wales","1RNSW","Rest of NSW","105","Far West and Orana","10503","Dubbo","105031106","Wellington","9102"
"1","New South Wales","1RNSW","Rest of NSW","106","Hunter Valley exc Newcastle","10601","Lower Hunter","106011107","Branxton - Greta - Pokolbin","10568"
"1","New South Wales","1RNSW","Rest of NSW","106","Hunter Valley exc Newcastle","10601","Lower Hunter","106011108","Cessnock","22798"
"1","New South Wales","1RNSW","Rest of NSW","106","Hunter Valley exc Newcastle","10601","Lower Hunter","106011109","Cessnock Region","8210"
"1","New South Wales","1RNSW","Rest of NSW","106","Hunter Valley exc Newcastle","10601","Lower Hunter","106011110","Dungog","9188"
"1","New South Wales","1RNSW","Rest of NSW","106","Hunter Valley exc Newcastle","10601","Lower Hunter","106011111","Kurri Kurri - Abermain","18216"
"1","New South Wales","1RNSW","Rest of NSW","106","Hunter Valley exc Newcastle","10601","Lower Hunter","106011112","Singleton","16456"
"1","New South Wales","1RNSW","Rest of NSW","106","Hunter Valley exc Newcastle","10601","Lower Hunter","106011113","Singleton Region","5043"
"1","New South Wales","1RNSW","Rest of NSW","106","Hunter Valley exc Newcastle","10602","Maitland","106021114","Maitland","7056"
"1","New South Wales","1RNSW","Rest of NSW","106","Hunter Valley exc Newcastle","10602","Maitland","106021115","Maitland - East","28277"
"1","New South Wales","1RNSW","Rest of NSW","106","Hunter Valley exc Newcastle","10602","Maitland","106021116","Maitland - North","7912"
"1","New South Wales","1RNSW","Rest of NSW","106","Hunter Valley exc Newcastle","10602","Maitland","106021117","Maitland - West","23721"
"1","New South Wales","1RNSW","Rest of NSW","106","Hunter Valley exc Newcastle","10602","Maitland","106021118","Thornton - Millers Forest","10776"
"1","New South Wales","1RNSW","Rest of NSW","106","Hunter Valley exc Newcastle","10603","Port Stephens","106031119","Anna Bay","5872"
"1","New South Wales","1RNSW","Rest of NSW","106","Hunter Valley exc Newcastle","10603","Port Stephens","106031120","Lemon Tree Passage - Tanilba Bay","6828"
"1","New South Wales","1RNSW","Rest of NSW","106","Hunter Valley exc Newcastle","10603","Port Stephens","106031121","Nelson Bay Peninsula","21844"
"1","New South Wales","1RNSW","Rest of NSW","106","Hunter Valley exc Newcastle","10603","Port Stephens","106031122","Raymond Terrace","14067"
"1","New South Wales","1RNSW","Rest of NSW","106","Hunter Valley exc Newcastle","10603","Port Stephens","106031123","Seaham - Woodville","5495"
"1","New South Wales","1RNSW","Rest of NSW","106","Hunter Valley exc Newcastle","10603","Port Stephens","106031124","Tea Gardens - Hawks Nest","5194"
"1","New South Wales","1RNSW","Rest of NSW","106","Hunter Valley exc Newcastle","10603","Port Stephens","106031125","Williamtown - Medowie - Karuah","14220"
"1","New South Wales","1RNSW","Rest of NSW","106","Hunter Valley exc Newcastle","10604","Upper Hunter","106041126","Muswellbrook","12383"
"1","New South Wales","1RNSW","Rest of NSW","106","Hunter Valley exc Newcastle","10604","Upper Hunter","106041127","Muswellbrook Region","4048"
"1","New South Wales","1RNSW","Rest of NSW","106","Hunter Valley exc Newcastle","10604","Upper Hunter","106041128","Scone","5872"
"1","New South Wales","1RNSW","Rest of NSW","106","Hunter Valley exc Newcastle","10604","Upper Hunter","106041129","Scone Region","8408"
"1","New South Wales","1RNSW","Rest of NSW","107","Illawarra","10701","Dapto - Port Kembla","107011131","Dapto - Avondale","24328"
"1","New South Wales","1RNSW","Rest of NSW","107","Illawarra","10701","Dapto - Port Kembla","107011132","Horsley - Kembla Grange","9316"
"1","New South Wales","1RNSW","Rest of NSW","107","Illawarra","10701","Dapto - Port Kembla","107011133","Port Kembla Industrial","11"
"1","New South Wales","1RNSW","Rest of NSW","107","Illawarra","10701","Dapto - Port Kembla","107011134","Unanderra - Mount Kembla","15873"
"1","New South Wales","1RNSW","Rest of NSW","107","Illawarra","10701","Dapto - Port Kembla","107011545","Berkeley - Lake Heights - Cringila","14514"
"1","New South Wales","1RNSW","Rest of NSW","107","Illawarra","10701","Dapto - Port Kembla","107011546","Port Kembla - Warrawong","10131"
"1","New South Wales","1RNSW","Rest of NSW","107","Illawarra","10701","Dapto - Port Kembla","107011547","Windang - Primbee","4352"
"1","New South Wales","1RNSW","Rest of NSW","107","Illawarra","10702","Illawarra Catchment Reserve","107021135","Illawarra Catchment Reserve","5"
"1","New South Wales","1RNSW","Rest of NSW","107","Illawarra","10703","Kiama - Shellharbour","107031136","Albion Park - Macquarie Pass","14905"
"1","New South Wales","1RNSW","Rest of NSW","107","Illawarra","10703","Kiama - Shellharbour","107031137","Albion Park Rail","6953"
"1","New South Wales","1RNSW","Rest of NSW","107","Illawarra","10703","Kiama - Shellharbour","107031138","Kiama","8053"
"1","New South Wales","1RNSW","Rest of NSW","107","Illawarra","10703","Kiama - Shellharbour","107031139","Kiama Downs - Minnamurra","6130"
"1","New South Wales","1RNSW","Rest of NSW","107","Illawarra","10703","Kiama - Shellharbour","107031140","Kiama Hinterland - Gerringong","8155"
"1","New South Wales","1RNSW","Rest of NSW","107","Illawarra","10703","Kiama - Shellharbour","107031141","Shellharbour - Flinders","17819"
"1","New South Wales","1RNSW","Rest of NSW","107","Illawarra","10703","Kiama - Shellharbour","107031142","Shellharbour - Oak Flats","10279"
"1","New South Wales","1RNSW","Rest of NSW","107","Illawarra","10703","Kiama - Shellharbour","107031143","Warilla","21038"
"1","New South Wales","1RNSW","Rest of NSW","107","Illawarra","10704","Wollongong","107041144","Balgownie - Fairy Meadow","22161"
"1","New South Wales","1RNSW","Rest of NSW","107","Illawarra","10704","Wollongong","107041145","Corrimal - Tarrawanna - Bellambi","15958"
"1","New South Wales","1RNSW","Rest of NSW","107","Illawarra","10704","Wollongong","107041146","Figtree - Keiraville","22088"
"1","New South Wales","1RNSW","Rest of NSW","107","Illawarra","10704","Wollongong","107041147","Helensburgh","9161"
"1","New South Wales","1RNSW","Rest of NSW","107","Illawarra","10704","Wollongong","107041148","Thirroul - Austinmer - Coalcliff","11813"
"1","New South Wales","1RNSW","Rest of NSW","107","Illawarra","10704","Wollongong","107041150","Woonona - Bulli - Russell Vale","20679"
"1","New South Wales","1RNSW","Rest of NSW","107","Illawarra","10704","Wollongong","107041548","Wollongong - East","15130"
"1","New South Wales","1RNSW","Rest of NSW","107","Illawarra","10704","Wollongong","107041549","Wollongong - West","17739"
"1","New South Wales","1RNSW","Rest of NSW","108","Mid North Coast","10801","Great Lakes","108011151","Bulahdelah - Stroud","4780"
"1","New South Wales","1RNSW","Rest of NSW","108","Mid North Coast","10801","Great Lakes","108011152","Forster","14684"
"1","New South Wales","1RNSW","Rest of NSW","108","Mid North Coast","10801","Great Lakes","108011153","Forster-Tuncurry Region","6305"
"1","New South Wales","1RNSW","Rest of NSW","108","Mid North Coast","10801","Great Lakes","108011154","Tuncurry","6326"
"1","New South Wales","1RNSW","Rest of NSW","108","Mid North Coast","10802","Kempsey - Nambucca","108021155","Kempsey","15268"
"1","New South Wales","1RNSW","Rest of NSW","108","Mid North Coast","10802","Kempsey - Nambucca","108021156","Kempsey Region","9125"
"1","New South Wales","1RNSW","Rest of NSW","108","Mid North Coast","10802","Kempsey - Nambucca","108021157","Macksville - Scotts Head","4956"
"1","New South Wales","1RNSW","Rest of NSW","108","Mid North Coast","10802","Kempsey - Nambucca","108021158","Nambucca Heads","6860"
"1","New South Wales","1RNSW","Rest of NSW","108","Mid North Coast","10802","Kempsey - Nambucca","108021159","Nambucca Heads Region","7835"
"1","New South Wales","1RNSW","Rest of NSW","108","Mid North Coast","10802","Kempsey - Nambucca","108021160","South West Rocks","5246"
"1","New South Wales","1RNSW","Rest of NSW","108","Mid North Coast","10803","Lord Howe Island","108031161","Lord Howe Island","416"
"1","New South Wales","1RNSW","Rest of NSW","108","Mid North Coast","10804","Port Macquarie","108041162","Laurieton - Bonny Hills","17416"
"1","New South Wales","1RNSW","Rest of NSW","108","Mid North Coast","10804","Port Macquarie","108041163","Port Macquarie - East","28938"
"1","New South Wales","1RNSW","Rest of NSW","108","Mid North Coast","10804","Port Macquarie","108041164","Port Macquarie - West","18158"
"1","New South Wales","1RNSW","Rest of NSW","108","Mid North Coast","10804","Port Macquarie","108041165","Port Macquarie Region","5403"
"1","New South Wales","1RNSW","Rest of NSW","108","Mid North Coast","10804","Port Macquarie","108041166","Wauchope","11496"
"1","New South Wales","1RNSW","Rest of NSW","108","Mid North Coast","10805","Taree - Gloucester","108051167","Gloucester","5137"
"1","New South Wales","1RNSW","Rest of NSW","108","Mid North Coast","10805","Taree - Gloucester","108051168","Old Bar - Manning Point - Red Head","10868"
"1","New South Wales","1RNSW","Rest of NSW","108","Mid North Coast","10805","Taree - Gloucester","108051169","Taree","20882"
"1","New South Wales","1RNSW","Rest of NSW","108","Mid North Coast","10805","Taree - Gloucester","108051170","Taree Region","12662"
"1","New South Wales","1RNSW","Rest of NSW","108","Mid North Coast","10805","Taree - Gloucester","108051171","Wingham","5495"
"1","New South Wales","1RNSW","Rest of NSW","109","Murray","10901","Albury","109011172","Albury - East","15725"
"1","New South Wales","1RNSW","Rest of NSW","109","Murray","10901","Albury","109011173","Albury - North","10137"
"1","New South Wales","1RNSW","Rest of NSW","109","Murray","10901","Albury","109011174","Albury - South","10640"
"1","New South Wales","1RNSW","Rest of NSW","109","Murray","10901","Albury","109011175","Albury Region","11898"
"1","New South Wales","1RNSW","Rest of NSW","109","Murray","10901","Albury","109011176","Lavington","14897"
"1","New South Wales","1RNSW","Rest of NSW","109","Murray","10902","Lower Murray","109021177","Hay","2999"
"1","New South Wales","1RNSW","Rest of NSW","109","Murray","10902","Lower Murray","109021178","Wentworth - Buronga","6105"
"1","New South Wales","1RNSW","Rest of NSW","109","Murray","10902","Lower Murray","109021179","Wentworth-Balranald Region","3671"
"1","New South Wales","1RNSW","Rest of NSW","109","Murray","10903","Upper Murray exc. Albury","109031180","Corowa","5510"
"1","New South Wales","1RNSW","Rest of NSW","109","Murray","10903","Upper Murray exc. Albury","109031181","Corowa Region","6899"
"1","New South Wales","1RNSW","Rest of NSW","109","Murray","10903","Upper Murray exc. Albury","109031182","Deniliquin","7526"
"1","New South Wales","1RNSW","Rest of NSW","109","Murray","10903","Upper Murray exc. Albury","109031183","Deniliquin Region","6791"
"1","New South Wales","1RNSW","Rest of NSW","109","Murray","10903","Upper Murray exc. Albury","109031184","Moama","6125"
"1","New South Wales","1RNSW","Rest of NSW","109","Murray","10903","Upper Murray exc. Albury","109031185","Tocumwal - Finley - Jerilderie","9974"
"1","New South Wales","1RNSW","Rest of NSW","110","New England and North West","11001","Armidale","110011186","Armidale","24351"
"1","New South Wales","1RNSW","Rest of NSW","110","New England and North West","11001","Armidale","110011187","Armidale Region - North","4576"
"1","New South Wales","1RNSW","Rest of NSW","110","New England and North West","11001","Armidale","110011188","Armidale Region - South","6113"
"1","New South Wales","1RNSW","Rest of NSW","110","New England and North West","11001","Armidale","110011189","Walcha","3255"
"1","New South Wales","1RNSW","Rest of NSW","110","New England and North West","11002","Inverell - Tenterfield","110021190","Glen Innes","8919"
"1","New South Wales","1RNSW","Rest of NSW","110","New England and North West","11002","Inverell - Tenterfield","110021191","Inverell","11891"
"1","New South Wales","1RNSW","Rest of NSW","110","New England and North West","11002","Inverell - Tenterfield","110021192","Inverell Region - East","5316"
"1","New South Wales","1RNSW","Rest of NSW","110","New England and North West","11002","Inverell - Tenterfield","110021193","Inverell Region - West","6088"
"1","New South Wales","1RNSW","Rest of NSW","110","New England and North West","11002","Inverell - Tenterfield","110021194","Tenterfield","6656"
"1","New South Wales","1RNSW","Rest of NSW","110","New England and North West","11003","Moree - Narrabri","110031195","Moree","8403"
"1","New South Wales","1RNSW","Rest of NSW","110","New England and North West","11003","Moree - Narrabri","110031196","Moree Region","5612"
"1","New South Wales","1RNSW","Rest of NSW","110","New England and North West","11003","Moree - Narrabri","110031197","Narrabri","7336"
"1","New South Wales","1RNSW","Rest of NSW","110","New England and North West","11003","Moree - Narrabri","110031198","Narrabri Region","4886"
"1","New South Wales","1RNSW","Rest of NSW","110","New England and North West","11004","Tamworth - Gunnedah","110041199","Gunnedah","9485"
"1","New South Wales","1RNSW","Rest of NSW","110","New England and North West","11004","Tamworth - Gunnedah","110041200","Gunnedah Region","4150"
"1","New South Wales","1RNSW","Rest of NSW","110","New England and North West","11004","Tamworth - Gunnedah","110041201","Quirindi","7862"
"1","New South Wales","1RNSW","Rest of NSW","110","New England and North West","11004","Tamworth - Gunnedah","110041202","Tamworth - East","20847"
"1","New South Wales","1RNSW","Rest of NSW","110","New England and North West","11004","Tamworth - Gunnedah","110041203","Tamworth - North","15783"
"1","New South Wales","1RNSW","Rest of NSW","110","New England and North West","11004","Tamworth - Gunnedah","110041204","Tamworth - West","5755"
"1","New South Wales","1RNSW","Rest of NSW","110","New England and North West","11004","Tamworth - Gunnedah","110041205","Tamworth Region","18897"
"1","New South Wales","1RNSW","Rest of NSW","111","Newcastle and Lake Macquarie","11101","Lake Macquarie - East","111011206","Belmont - Bennetts Green","18224"
"1","New South Wales","1RNSW","Rest of NSW","111","Newcastle and Lake Macquarie","11101","Lake Macquarie - East","111011207","Belmont South - Blacksmiths","5728"
"1","New South Wales","1RNSW","Rest of NSW","111","Newcastle and Lake Macquarie","11101","Lake Macquarie - East","111011208","Charlestown - Dudley","24746"
"1","New South Wales","1RNSW","Rest of NSW","111","Newcastle and Lake Macquarie","11101","Lake Macquarie - East","111011209","Glendale - Cardiff - Hillsborough","24011"
"1","New South Wales","1RNSW","Rest of NSW","111","Newcastle and Lake Macquarie","11101","Lake Macquarie - East","111011210","Mount Hutton - Windale","9111"
"1","New South Wales","1RNSW","Rest of NSW","111","Newcastle and Lake Macquarie","11101","Lake Macquarie - East","111011211","Redhead","3632"
"1","New South Wales","1RNSW","Rest of NSW","111","Newcastle and Lake Macquarie","11101","Lake Macquarie - East","111011212","Swansea - Caves Beach","11888"
"1","New South Wales","1RNSW","Rest of NSW","111","Newcastle and Lake Macquarie","11101","Lake Macquarie - East","111011213","Valentine - Eleebana","12334"
"1","New South Wales","1RNSW","Rest of NSW","111","Newcastle and Lake Macquarie","11101","Lake Macquarie - East","111011214","Warners Bay - Boolaroo","13655"
"1","New South Wales","1RNSW","Rest of NSW","111","Newcastle and Lake Macquarie","11102","Lake Macquarie - West","111021215","Bolton Point - Teralba","8676"
"1","New South Wales","1RNSW","Rest of NSW","111","Newcastle and Lake Macquarie","11102","Lake Macquarie - West","111021216","Bonnells Bay - Silverwater","9069"
"1","New South Wales","1RNSW","Rest of NSW","111","Newcastle and Lake Macquarie","11102","Lake Macquarie - West","111021217","Edgeworth - Cameron Park","14877"
"1","New South Wales","1RNSW","Rest of NSW","111","Newcastle and Lake Macquarie","11102","Lake Macquarie - West","111021218","Morisset - Cooranbong","15596"
"1","New South Wales","1RNSW","Rest of NSW","111","Newcastle and Lake Macquarie","11102","Lake Macquarie - West","111021219","Toronto - Awaba","13769"
"1","New South Wales","1RNSW","Rest of NSW","111","Newcastle and Lake Macquarie","11102","Lake Macquarie - West","111021220","Wangi Wangi - Rathmines","9117"
"1","New South Wales","1RNSW","Rest of NSW","111","Newcastle and Lake Macquarie","11102","Lake Macquarie - West","111021221","West Wallsend - Barnsley - Killingworth","6686"
"1","New South Wales","1RNSW","Rest of NSW","111","Newcastle and Lake Macquarie","11103","Newcastle","111031222","Adamstown - Kotara","16017"
"1","New South Wales","1RNSW","Rest of NSW","111","Newcastle and Lake Macquarie","11103","Newcastle","111031223","Beresfield - Hexham","8500"
"1","New South Wales","1RNSW","Rest of NSW","111","Newcastle and Lake Macquarie","11103","Newcastle","111031224","Hamilton - Broadmeadow","12410"
"1","New South Wales","1RNSW","Rest of NSW","111","Newcastle and Lake Macquarie","11103","Newcastle","111031225","Lambton - New Lambton","17010"
"1","New South Wales","1RNSW","Rest of NSW","111","Newcastle and Lake Macquarie","11103","Newcastle","111031226","Maryland - Fletcher - Minmi","14473"
"1","New South Wales","1RNSW","Rest of NSW","111","Newcastle and Lake Macquarie","11103","Newcastle","111031227","Mayfield - Warabrook","15380"
"1","New South Wales","1RNSW","Rest of NSW","111","Newcastle and Lake Macquarie","11103","Newcastle","111031228","Merewether - The Junction","14239"
"1","New South Wales","1RNSW","Rest of NSW","111","Newcastle and Lake Macquarie","11103","Newcastle","111031229","Newcastle - Cooks Hill","11769"
"1","New South Wales","1RNSW","Rest of NSW","111","Newcastle and Lake Macquarie","11103","Newcastle","111031230","Newcastle Port - Kooragang","17"
"1","New South Wales","1RNSW","Rest of NSW","111","Newcastle and Lake Macquarie","11103","Newcastle","111031231","Shortland - Jesmond","12347"
"1","New South Wales","1RNSW","Rest of NSW","111","Newcastle and Lake Macquarie","11103","Newcastle","111031232","Stockton - Fullerton Cove","7956"
"1","New South Wales","1RNSW","Rest of NSW","111","Newcastle and Lake Macquarie","11103","Newcastle","111031233","Wallsend - Elermore Vale","20133"
"1","New South Wales","1RNSW","Rest of NSW","111","Newcastle and Lake Macquarie","11103","Newcastle","111031234","Waratah - North Lambton","12506"
"1","New South Wales","1RNSW","Rest of NSW","111","Newcastle and Lake Macquarie","11103","Newcastle","111031235","Wickham - Carrington - Tighes Hill","8388"
"1","New South Wales","1RNSW","Rest of NSW","112","Richmond - Tweed","11201","Richmond Valley - Coastal","112011236","Ballina","17744"
"1","New South Wales","1RNSW","Rest of NSW","112","Richmond - Tweed","11201","Richmond Valley - Coastal","112011237","Ballina Region","17477"
"1","New South Wales","1RNSW","Rest of NSW","112","Richmond - Tweed","11201","Richmond Valley - Coastal","112011238","Bangalow","6116"
"1","New South Wales","1RNSW","Rest of NSW","112","Richmond - Tweed","11201","Richmond Valley - Coastal","112011239","Brunswick Heads - Ocean Shores","8667"
"1","New South Wales","1RNSW","Rest of NSW","112","Richmond - Tweed","11201","Richmond Valley - Coastal","112011240","Byron Bay","10347"
"1","New South Wales","1RNSW","Rest of NSW","112","Richmond - Tweed","11201","Richmond Valley - Coastal","112011241","Evans Head","5359"
"1","New South Wales","1RNSW","Rest of NSW","112","Richmond - Tweed","11201","Richmond Valley - Coastal","112011242","Lennox Head - Skennars Head","8173"
"1","New South Wales","1RNSW","Rest of NSW","112","Richmond - Tweed","11201","Richmond Valley - Coastal","112011243","Mullumbimby","8545"
"1","New South Wales","1RNSW","Rest of NSW","112","Richmond - Tweed","11202","Richmond Valley - Hinterland","112021244","Casino","12527"
"1","New South Wales","1RNSW","Rest of NSW","112","Richmond - Tweed","11202","Richmond Valley - Hinterland","112021245","Casino Region","7051"
"1","New South Wales","1RNSW","Rest of NSW","112","Richmond - Tweed","11202","Richmond Valley - Hinterland","112021246","Goonellabah","13370"
"1","New South Wales","1RNSW","Rest of NSW","112","Richmond - Tweed","11202","Richmond Valley - Hinterland","112021247","Kyogle","7389"
"1","New South Wales","1RNSW","Rest of NSW","112","Richmond - Tweed","11202","Richmond Valley - Hinterland","112021248","Lismore","15447"
"1","New South Wales","1RNSW","Rest of NSW","112","Richmond - Tweed","11202","Richmond Valley - Hinterland","112021249","Lismore Region","15419"
"1","New South Wales","1RNSW","Rest of NSW","112","Richmond - Tweed","11203","Tweed Valley","112031250","Kingscliff - Fingal Head","14050"
"1","New South Wales","1RNSW","Rest of NSW","112","Richmond - Tweed","11203","Tweed Valley","112031251","Murwillumbah","9237"
"1","New South Wales","1RNSW","Rest of NSW","112","Richmond - Tweed","11203","Tweed Valley","112031252","Murwillumbah Region","9901"
"1","New South Wales","1RNSW","Rest of NSW","112","Richmond - Tweed","11203","Tweed Valley","112031253","Pottsville","13821"
"1","New South Wales","1RNSW","Rest of NSW","112","Richmond - Tweed","11203","Tweed Valley","112031254","Tweed Heads","20128"
"1","New South Wales","1RNSW","Rest of NSW","112","Richmond - Tweed","11203","Tweed Valley","112031550","Banora Point","16037"
"1","New South Wales","1RNSW","Rest of NSW","112","Richmond - Tweed","11203","Tweed Valley","112031551","Terranora - North Tumblegum","3367"
"1","New South Wales","1RNSW","Rest of NSW","112","Richmond - Tweed","11203","Tweed Valley","112031552","Tweed Heads South","8316"
"1","New South Wales","1RNSW","Rest of NSW","113","Riverina","11301","Griffith - Murrumbidgee (West)","113011256","Griffith (NSW)","19944"
"1","New South Wales","1RNSW","Rest of NSW","113","Riverina","11301","Griffith - Murrumbidgee (West)","113011257","Griffith Region","13194"
"1","New South Wales","1RNSW","Rest of NSW","113","Riverina","11301","Griffith - Murrumbidgee (West)","113011258","Leeton","10315"
"1","New South Wales","1RNSW","Rest of NSW","113","Riverina","11301","Griffith - Murrumbidgee (West)","113011259","Narrandera","6114"
"1","New South Wales","1RNSW","Rest of NSW","113","Riverina","11302","Tumut - Tumbarumba","113021260","Tumbarumba","3498"
"1","New South Wales","1RNSW","Rest of NSW","113","Riverina","11302","Tumut - Tumbarumba","113021261","Tumut","6372"
"1","New South Wales","1RNSW","Rest of NSW","113","Riverina","11302","Tumut - Tumbarumba","113021262","Tumut Region","4749"
"1","New South Wales","1RNSW","Rest of NSW","113","Riverina","11303","Wagga Wagga","113031263","Cootamundra","7673"
"1","New South Wales","1RNSW","Rest of NSW","113","Riverina","11303","Wagga Wagga","113031264","Gundagai","3623"
"1","New South Wales","1RNSW","Rest of NSW","113","Riverina","11303","Wagga Wagga","113031265","Junee","6435"
"1","New South Wales","1RNSW","Rest of NSW","113","Riverina","11303","Wagga Wagga","113031266","Temora","6870"
"1","New South Wales","1RNSW","Rest of NSW","113","Riverina","11303","Wagga Wagga","113031267","Wagga Wagga - East","17059"
"1","New South Wales","1RNSW","Rest of NSW","113","Riverina","11303","Wagga Wagga","113031268","Wagga Wagga - North","4706"
"1","New South Wales","1RNSW","Rest of NSW","113","Riverina","11303","Wagga Wagga","113031269","Wagga Wagga - South","21706"
"1","New South Wales","1RNSW","Rest of NSW","113","Riverina","11303","Wagga Wagga","113031270","Wagga Wagga - West","12583"
"1","New South Wales","1RNSW","Rest of NSW","113","Riverina","11303","Wagga Wagga","113031271","Wagga Wagga Region","15208"
"1","New South Wales","1RNSW","Rest of NSW","114","Southern Highlands and Shoalhaven","11401","Shoalhaven","114011272","Berry - Kangaroo Valley","9053"
"1","New South Wales","1RNSW","Rest of NSW","114","Southern Highlands and Shoalhaven","11401","Shoalhaven","114011273","Callala Bay - Currarong","3724"
"1","New South Wales","1RNSW","Rest of NSW","114","Southern Highlands and Shoalhaven","11401","Shoalhaven","114011274","Culburra Beach","5087"
"1","New South Wales","1RNSW","Rest of NSW","114","Southern Highlands and Shoalhaven","11401","Shoalhaven","114011275","Ettrema - Sassafras - Budawang","52"
"1","New South Wales","1RNSW","Rest of NSW","114","Southern Highlands and Shoalhaven","11401","Shoalhaven","114011276","Huskisson - Vincentia","4339"
"1","New South Wales","1RNSW","Rest of NSW","114","Southern Highlands and Shoalhaven","11401","Shoalhaven","114011277","North Nowra - Bomaderry","16207"
"1","New South Wales","1RNSW","Rest of NSW","114","Southern Highlands and Shoalhaven","11401","Shoalhaven","114011278","Nowra","20924"
"1","New South Wales","1RNSW","Rest of NSW","114","Southern Highlands and Shoalhaven","11401","Shoalhaven","114011279","St Georges Basin - Erowal Bay","14476"
"1","New South Wales","1RNSW","Rest of NSW","114","Southern Highlands and Shoalhaven","11401","Shoalhaven","114011280","Sussex Inlet - Berrara","4429"
"1","New South Wales","1RNSW","Rest of NSW","114","Southern Highlands and Shoalhaven","11401","Shoalhaven","114011281","Tomerong - Wandandian - Woollamia","3509"
"1","New South Wales","1RNSW","Rest of NSW","114","Southern Highlands and Shoalhaven","11401","Shoalhaven","114011282","Ulladulla","15847"
"1","New South Wales","1RNSW","Rest of NSW","114","Southern Highlands and Shoalhaven","11401","Shoalhaven","114011283","Ulladulla Region","5222"
"1","New South Wales","1RNSW","Rest of NSW","114","Southern Highlands and Shoalhaven","11402","Southern Highlands","114021284","Bowral","13319"
"1","New South Wales","1RNSW","Rest of NSW","114","Southern Highlands and Shoalhaven","11402","Southern Highlands","114021285","Hill Top - Colo Vale","6277"
"1","New South Wales","1RNSW","Rest of NSW","114","Southern Highlands and Shoalhaven","11402","Southern Highlands","114021286","Mittagong","9358"
"1","New South Wales","1RNSW","Rest of NSW","114","Southern Highlands and Shoalhaven","11402","Southern Highlands","114021287","Moss Vale - Berrima","10253"
"1","New South Wales","1RNSW","Rest of NSW","114","Southern Highlands and Shoalhaven","11402","Southern Highlands","114021288","Robertson - Fitzroy Falls","3627"
"1","New South Wales","1RNSW","Rest of NSW","114","Southern Highlands and Shoalhaven","11402","Southern Highlands","114021289","Southern Highlands","6807"
"1","New South Wales","1GSYD","Greater Sydney","115","Sydney - Baulkham Hills and Hawkesbury","11501","Baulkham Hills","115011290","Baulkham Hills (East)","24434"
"1","New South Wales","1GSYD","Greater Sydney","115","Sydney - Baulkham Hills and Hawkesbury","11501","Baulkham Hills","115011291","Baulkham Hills (West) - Bella Vista","21404"
"1","New South Wales","1GSYD","Greater Sydney","115","Sydney - Baulkham Hills and Hawkesbury","11501","Baulkham Hills","115011294","Glenhaven","6544"
"1","New South Wales","1GSYD","Greater Sydney","115","Sydney - Baulkham Hills and Hawkesbury","11501","Baulkham Hills","115011296","West Pennant Hills","13213"
"1","New South Wales","1GSYD","Greater Sydney","115","Sydney - Baulkham Hills and Hawkesbury","11501","Baulkham Hills","115011553","Castle Hill - Central","7929"
"1","New South Wales","1GSYD","Greater Sydney","115","Sydney - Baulkham Hills and Hawkesbury","11501","Baulkham Hills","115011554","Castle Hill - East","5663"
"1","New South Wales","1GSYD","Greater Sydney","115","Sydney - Baulkham Hills and Hawkesbury","11501","Baulkham Hills","115011555","Castle Hill - North","12417"
"1","New South Wales","1GSYD","Greater Sydney","115","Sydney - Baulkham Hills and Hawkesbury","11501","Baulkham Hills","115011556","Castle Hill - South","10042"
"1","New South Wales","1GSYD","Greater Sydney","115","Sydney - Baulkham Hills and Hawkesbury","11501","Baulkham Hills","115011557","Castle Hill - West","5444"
"1","New South Wales","1GSYD","Greater Sydney","115","Sydney - Baulkham Hills and Hawkesbury","11501","Baulkham Hills","115011558","Cherrybrook","19522"
"1","New South Wales","1GSYD","Greater Sydney","115","Sydney - Baulkham Hills and Hawkesbury","11501","Baulkham Hills","115011559","Kellyville","25360"
"1","New South Wales","1GSYD","Greater Sydney","115","Sydney - Baulkham Hills and Hawkesbury","11502","Dural - Wisemans Ferry","115021297","Dural - Kenthurst - Wisemans Ferry","22013"
"1","New South Wales","1GSYD","Greater Sydney","115","Sydney - Baulkham Hills and Hawkesbury","11502","Dural - Wisemans Ferry","115021298","Galston - Laughtondale","5374"
"1","New South Wales","1GSYD","Greater Sydney","115","Sydney - Baulkham Hills and Hawkesbury","11503","Hawkesbury","115031299","Bilpin - Colo - St Albans","2801"
"1","New South Wales","1GSYD","Greater Sydney","115","Sydney - Baulkham Hills and Hawkesbury","11503","Hawkesbury","115031300","Kurrajong Heights - Ebenezer","22498"
"1","New South Wales","1GSYD","Greater Sydney","115","Sydney - Baulkham Hills and Hawkesbury","11504","Rouse Hill - McGraths Hill","115041301","Pitt Town - McGraths Hill","11080"
"1","New South Wales","1GSYD","Greater Sydney","115","Sydney - Baulkham Hills and Hawkesbury","11504","Rouse Hill - McGraths Hill","115041302","Rouse Hill - Beaumont Hills","25138"
"1","New South Wales","1GSYD","Greater Sydney","116","Sydney - Blacktown","11601","Blacktown","116011303","Blacktown (East) - Kings Park","17804"
"1","New South Wales","1GSYD","Greater Sydney","116","Sydney - Blacktown","11601","Blacktown","116011304","Blacktown (North) - Marayong","19125"
"1","New South Wales","1GSYD","Greater Sydney","116","Sydney - Blacktown","11601","Blacktown","116011306","Doonside - Woodcroft","24106"
"1","New South Wales","1GSYD","Greater Sydney","116","Sydney - Blacktown","11601","Blacktown","116011307","Lalor Park - Kings Langley","25875"
"1","New South Wales","1GSYD","Greater Sydney","116","Sydney - Blacktown","11601","Blacktown","116011308","Seven Hills - Toongabbie","25392"
"1","New South Wales","1GSYD","Greater Sydney","116","Sydney - Blacktown","11601","Blacktown","116011560","Blacktown (South)","12951"
"1","New South Wales","1GSYD","Greater Sydney","116","Sydney - Blacktown","11601","Blacktown","116011561","Blacktown (West)","16760"
"1","New South Wales","1GSYD","Greater Sydney","116","Sydney - Blacktown","11602","Blacktown - North","116021309","Glenwood","16768"
"1","New South Wales","1GSYD","Greater Sydney","116","Sydney - Blacktown","11602","Blacktown - North","116021310","Parklea - Kellyville Ridge","34583"
"1","New South Wales","1GSYD","Greater Sydney","116","Sydney - Blacktown","11602","Blacktown - North","116021312","Riverstone - Marsden Park","21601"
"1","New South Wales","1GSYD","Greater Sydney","116","Sydney - Blacktown","11602","Blacktown - North","116021562","Acacia Gardens","3960"
"1","New South Wales","1GSYD","Greater Sydney","116","Sydney - Blacktown","11602","Blacktown - North","116021563","Quakers Hill","24064"
"1","New South Wales","1GSYD","Greater Sydney","116","Sydney - Blacktown","11603","Mount Druitt","116031313","Bidwill - Hebersham - Emerton","18935"
"1","New South Wales","1GSYD","Greater Sydney","116","Sydney - Blacktown","11603","Mount Druitt","116031314","Glendenning - Dean Park","8708"
"1","New South Wales","1GSYD","Greater Sydney","116","Sydney - Blacktown","11603","Mount Druitt","116031315","Hassall Grove - Plumpton","21517"
"1","New South Wales","1GSYD","Greater Sydney","116","Sydney - Blacktown","11603","Mount Druitt","116031316","Lethbridge Park - Tregear","21975"
"1","New South Wales","1GSYD","Greater Sydney","116","Sydney - Blacktown","11603","Mount Druitt","116031317","Mount Druitt - Whalan","23758"
"1","New South Wales","1GSYD","Greater Sydney","116","Sydney - Blacktown","11603","Mount Druitt","116031318","Prospect Reservoir","44"
"1","New South Wales","1GSYD","Greater Sydney","116","Sydney - Blacktown","11603","Mount Druitt","116031319","Rooty Hill - Minchinbury","22134"
"1","New South Wales","1GSYD","Greater Sydney","117","Sydney - City and Inner South","11701","Botany","117011320","Banksmeadow","21"
"1","New South Wales","1GSYD","Greater Sydney","117","Sydney - City and Inner South","11701","Botany","117011321","Botany","11697"
"1","New South Wales","1GSYD","Greater Sydney","117","Sydney - City and Inner South","11701","Botany","117011322","Mascot - Eastlakes","26974"
"1","New South Wales","1GSYD","Greater Sydney","117","Sydney - City and Inner South","11701","Botany","117011323","Pagewood - Hillsdale - Daceyville","12034"
"1","New South Wales","1GSYD","Greater Sydney","117","Sydney - City and Inner South","11701","Botany","117011324","Port Botany Industrial","7"
"1","New South Wales","1GSYD","Greater Sydney","117","Sydney - City and Inner South","11701","Botany","117011325","Sydney Airport","67"
"1","New South Wales","1GSYD","Greater Sydney","117","Sydney - City and Inner South","11702","Marrickville - Sydenham - Petersham","117021326","Marrickville","28240"
"1","New South Wales","1GSYD","Greater Sydney","117","Sydney - City and Inner South","11702","Marrickville - Sydenham - Petersham","117021327","Petersham - Stanmore","21689"
"1","New South Wales","1GSYD","Greater Sydney","117","Sydney - City and Inner South","11702","Marrickville - Sydenham - Petersham","117021328","Sydenham - Tempe - St Peters","8413"
"1","New South Wales","1GSYD","Greater Sydney","117","Sydney - City and Inner South","11703","Sydney Inner City","117031329","Darlinghurst","12504"
"1","New South Wales","1GSYD","Greater Sydney","117","Sydney - City and Inner South","11703","Sydney Inner City","117031330","Erskineville - Alexandria","17797"
"1","New South Wales","1GSYD","Greater Sydney","117","Sydney - City and Inner South","11703","Sydney Inner City","117031331","Glebe - Forest Lodge","21692"
"1","New South Wales","1GSYD","Greater Sydney","117","Sydney - City and Inner South","11703","Sydney Inner City","117031332","Newtown - Camperdown - Darlington","27627"
"1","New South Wales","1GSYD","Greater Sydney","117","Sydney - City and Inner South","11703","Sydney Inner City","117031333","Potts Point - Woolloomooloo","23681"
"1","New South Wales","1GSYD","Greater Sydney","117","Sydney - City and Inner South","11703","Sydney Inner City","117031334","Pyrmont - Ultimo","24118"
"1","New South Wales","1GSYD","Greater Sydney","117","Sydney - City and Inner South","11703","Sydney Inner City","117031335","Redfern - Chippendale","25204"
"1","New South Wales","1GSYD","Greater Sydney","117","Sydney - City and Inner South","11703","Sydney Inner City","117031336","Surry Hills","18048"
"1","New South Wales","1GSYD","Greater Sydney","117","Sydney - City and Inner South","11703","Sydney Inner City","117031337","Sydney - Haymarket - The Rocks","30964"
"1","New South Wales","1GSYD","Greater Sydney","117","Sydney - City and Inner South","11703","Sydney Inner City","117031338","Waterloo - Beaconsfield","37918"
"1","New South Wales","1GSYD","Greater Sydney","118","Sydney - Eastern Suburbs","11801","Eastern Suburbs - North","118011339","Bondi - Tamarama - Bronte","19949"
"1","New South Wales","1GSYD","Greater Sydney","118","Sydney - Eastern Suburbs","11801","Eastern Suburbs - North","118011340","Bondi Beach - North Bondi","23261"
"1","New South Wales","1GSYD","Greater Sydney","118","Sydney - Eastern Suburbs","11801","Eastern Suburbs - North","118011341","Bondi Junction - Waverly","18496"
"1","New South Wales","1GSYD","Greater Sydney","118","Sydney - Eastern Suburbs","11801","Eastern Suburbs - North","118011342","Centennial Park","3"
"1","New South Wales","1GSYD","Greater Sydney","118","Sydney - Eastern Suburbs","11801","Eastern Suburbs - North","118011343","Double Bay - Bellevue Hill","26836"
"1","New South Wales","1GSYD","Greater Sydney","118","Sydney - Eastern Suburbs","11801","Eastern Suburbs - North","118011344","Dover Heights","11594"
"1","New South Wales","1GSYD","Greater Sydney","118","Sydney - Eastern Suburbs","11801","Eastern Suburbs - North","118011345","Paddington - Moore Park","16564"
"1","New South Wales","1GSYD","Greater Sydney","118","Sydney - Eastern Suburbs","11801","Eastern Suburbs - North","118011346","Rose Bay - Vaucluse - Watsons Bay","12634"
"1","New South Wales","1GSYD","Greater Sydney","118","Sydney - Eastern Suburbs","11801","Eastern Suburbs - North","118011347","Woollahra","8160"
"1","New South Wales","1GSYD","Greater Sydney","118","Sydney - Eastern Suburbs","11802","Eastern Suburbs - South","118021348","Coogee - Clovelly","27750"
"1","New South Wales","1GSYD","Greater Sydney","118","Sydney - Eastern Suburbs","11802","Eastern Suburbs - South","118021350","Malabar - La Perouse - Chifley","25751"
"1","New South Wales","1GSYD","Greater Sydney","118","Sydney - Eastern Suburbs","11802","Eastern Suburbs - South","118021564","Kensington (NSW)","16336"
"1","New South Wales","1GSYD","Greater Sydney","118","Sydney - Eastern Suburbs","11802","Eastern Suburbs - South","118021565","Kingsford","16921"
"1","New South Wales","1GSYD","Greater Sydney","118","Sydney - Eastern Suburbs","11802","Eastern Suburbs - South","118021566","Maroubra - North","10543"
"1","New South Wales","1GSYD","Greater Sydney","118","Sydney - Eastern Suburbs","11802","Eastern Suburbs - South","118021567","Maroubra - South","11377"
"1","New South Wales","1GSYD","Greater Sydney","118","Sydney - Eastern Suburbs","11802","Eastern Suburbs - South","118021568","Maroubra - West","11003"
"1","New South Wales","1GSYD","Greater Sydney","118","Sydney - Eastern Suburbs","11802","Eastern Suburbs - South","118021569","Randwick - North","18018"
"1","New South Wales","1GSYD","Greater Sydney","118","Sydney - Eastern Suburbs","11802","Eastern Suburbs - South","118021570","Randwick - South","14287"
"1","New South Wales","1GSYD","Greater Sydney","119","Sydney - Inner South West","11901","Bankstown","119011354","Bass Hill - Georges Hall","23152"
"1","New South Wales","1GSYD","Greater Sydney","119","Sydney - Inner South West","11901","Bankstown","119011355","Chullora","1253"
"1","New South Wales","1GSYD","Greater Sydney","119","Sydney - Inner South West","11901","Bankstown","119011356","Condell Park","12185"
"1","New South Wales","1GSYD","Greater Sydney","119","Sydney - Inner South West","11901","Bankstown","119011357","Greenacre - Mount Lewis","27617"
"1","New South Wales","1GSYD","Greater Sydney","119","Sydney - Inner South West","11901","Bankstown","119011358","Padstow","17320"
"1","New South Wales","1GSYD","Greater Sydney","119","Sydney - Inner South West","11901","Bankstown","119011359","Panania - Milperra - Picnic Point","27080"
"1","New South Wales","1GSYD","Greater Sydney","119","Sydney - Inner South West","11901","Bankstown","119011360","Revesby","17107"
"1","New South Wales","1GSYD","Greater Sydney","119","Sydney - Inner South West","11901","Bankstown","119011361","Yagoona - Birrong","21954"
"1","New South Wales","1GSYD","Greater Sydney","119","Sydney - Inner South West","11901","Bankstown","119011571","Bankstown - North","17340"
"1","New South Wales","1GSYD","Greater Sydney","119","Sydney - Inner South West","11901","Bankstown","119011572","Bankstown - South","16863"
"1","New South Wales","1GSYD","Greater Sydney","119","Sydney - Inner South West","11902","Canterbury","119021362","Belmore - Belfield","20058"
"1","New South Wales","1GSYD","Greater Sydney","119","Sydney - Inner South West","11902","Canterbury","119021363","Canterbury (South) - Campsie","32885"
"1","New South Wales","1GSYD","Greater Sydney","119","Sydney - Inner South West","11902","Canterbury","119021364","Kingsgrove (North) - Earlwood","25262"
"1","New South Wales","1GSYD","Greater Sydney","119","Sydney - Inner South West","11902","Canterbury","119021366","Punchbowl","22085"
"1","New South Wales","1GSYD","Greater Sydney","119","Sydney - Inner South West","11902","Canterbury","119021367","Roselands","14583"
"1","New South Wales","1GSYD","Greater Sydney","119","Sydney - Inner South West","11902","Canterbury","119021573","Lakemba","18144"
"1","New South Wales","1GSYD","Greater Sydney","119","Sydney - Inner South West","11902","Canterbury","119021574","Wiley Park","10877"
"1","New South Wales","1GSYD","Greater Sydney","119","Sydney - Inner South West","11903","Hurstville","119031368","Hurstville","25709"
"1","New South Wales","1GSYD","Greater Sydney","119","Sydney - Inner South West","11903","Hurstville","119031369","Mortdale - Penshurst","25180"
"1","New South Wales","1GSYD","Greater Sydney","119","Sydney - Inner South West","11903","Hurstville","119031370","Narwee - Beverly Hills","14555"
"1","New South Wales","1GSYD","Greater Sydney","119","Sydney - Inner South West","11903","Hurstville","119031371","Oatley - Hurstville Grove","13227"
"1","New South Wales","1GSYD","Greater Sydney","119","Sydney - Inner South West","11903","Hurstville","119031372","Peakhurst - Lugarno","19114"
"1","New South Wales","1GSYD","Greater Sydney","119","Sydney - Inner South West","11903","Hurstville","119031373","Riverwood","11960"
"1","New South Wales","1GSYD","Greater Sydney","119","Sydney - Inner South West","11903","Hurstville","119031374","South Hurstville - Blakehurst","25360"
"1","New South Wales","1GSYD","Greater Sydney","119","Sydney - Inner South West","11904","Kogarah - Rockdale","119041375","Arncliffe - Bardwell Valley","24850"
"1","New South Wales","1GSYD","Greater Sydney","119","Sydney - Inner South West","11904","Kogarah - Rockdale","119041376","Bexley","28264"
"1","New South Wales","1GSYD","Greater Sydney","119","Sydney - Inner South West","11904","Kogarah - Rockdale","119041377","Kingsgrove (South) - Bardwell Park","13472"
"1","New South Wales","1GSYD","Greater Sydney","119","Sydney - Inner South West","11904","Kogarah - Rockdale","119041378","Kogarah","12205"
"1","New South Wales","1GSYD","Greater Sydney","119","Sydney - Inner South West","11904","Kogarah - Rockdale","119041379","Kogarah Bay - Carlton - Allawah","17027"
"1","New South Wales","1GSYD","Greater Sydney","119","Sydney - Inner South West","11904","Kogarah - Rockdale","119041380","Monterey - Brighton-le-Sands - Kyeemagh","15099"
"1","New South Wales","1GSYD","Greater Sydney","119","Sydney - Inner South West","11904","Kogarah - Rockdale","119041381","Rockdale - Banksia","21700"
"1","New South Wales","1GSYD","Greater Sydney","119","Sydney - Inner South West","11904","Kogarah - Rockdale","119041382","Sans Souci - Ramsgate","17024"
"1","New South Wales","1GSYD","Greater Sydney","120","Sydney - Inner West","12001","Canada Bay","120011383","Concord - Mortlake - Cabarita","23142"
"1","New South Wales","1GSYD","Greater Sydney","120","Sydney - Inner West","12001","Canada Bay","120011384","Concord West - North Strathfield","26962"
"1","New South Wales","1GSYD","Greater Sydney","120","Sydney - Inner West","12001","Canada Bay","120011385","Drummoyne - Rodd Point","19441"
"1","New South Wales","1GSYD","Greater Sydney","120","Sydney - Inner West","12001","Canada Bay","120011386","Five Dock - Abbotsford","21662"
"1","New South Wales","1GSYD","Greater Sydney","120","Sydney - Inner West","12002","Leichhardt","120021387","Balmain","16866"
"1","New South Wales","1GSYD","Greater Sydney","120","Sydney - Inner West","12002","Leichhardt","120021388","Leichhardt - Annandale","28068"
"1","New South Wales","1GSYD","Greater Sydney","120","Sydney - Inner West","12002","Leichhardt","120021389","Lilyfield - Rozelle","14914"
"1","New South Wales","1GSYD","Greater Sydney","120","Sydney - Inner West","12003","Strathfield - Burwood - Ashfield","120031390","Ashfield","26128"
"1","New South Wales","1GSYD","Greater Sydney","120","Sydney - Inner West","12003","Strathfield - Burwood - Ashfield","120031391","Burwood - Croydon","26543"
"1","New South Wales","1GSYD","Greater Sydney","120","Sydney - Inner West","12003","Strathfield - Burwood - Ashfield","120031392","Canterbury (North) - Ashbury","11420"
"1","New South Wales","1GSYD","Greater Sydney","120","Sydney - Inner West","12003","Strathfield - Burwood - Ashfield","120031393","Croydon Park - Enfield","18073"
"1","New South Wales","1GSYD","Greater Sydney","120","Sydney - Inner West","12003","Strathfield - Burwood - Ashfield","120031394","Dulwich Hill - Lewisham","17882"
"1","New South Wales","1GSYD","Greater Sydney","120","Sydney - Inner West","12003","Strathfield - Burwood - Ashfield","120031395","Haberfield - Summer Hill","14155"
"1","New South Wales","1GSYD","Greater Sydney","120","Sydney - Inner West","12003","Strathfield - Burwood - Ashfield","120031396","Homebush","17859"
"1","New South Wales","1GSYD","Greater Sydney","120","Sydney - Inner West","12003","Strathfield - Burwood - Ashfield","120031575","Strathfield","26983"
"1","New South Wales","1GSYD","Greater Sydney","120","Sydney - Inner West","12003","Strathfield - Burwood - Ashfield","120031576","Strathfield South","3829"
"1","New South Wales","1GSYD","Greater Sydney","121","Sydney - North Sydney and Hornsby","12101","Chatswood - Lane Cove","121011398","Chatswood (East) - Artarmon","30932"
"1","New South Wales","1GSYD","Greater Sydney","121","Sydney - North Sydney and Hornsby","12101","Chatswood - Lane Cove","121011399","Chatswood (West) - Lane Cove North","22623"
"1","New South Wales","1GSYD","Greater Sydney","121","Sydney - North Sydney and Hornsby","12101","Chatswood - Lane Cove","121011400","Lane Cove - Greenwich","28645"
"1","New South Wales","1GSYD","Greater Sydney","121","Sydney - North Sydney and Hornsby","12101","Chatswood - Lane Cove","121011401","St Leonards - Naremburn","11493"
"1","New South Wales","1GSYD","Greater Sydney","121","Sydney - North Sydney and Hornsby","12101","Chatswood - Lane Cove","121011402","Willoughby - Castle Cove - Northbridge","26829"
"1","New South Wales","1GSYD","Greater Sydney","121","Sydney - North Sydney and Hornsby","12102","Hornsby","121021403","Asquith - Mount Colah","19073"
"1","New South Wales","1GSYD","Greater Sydney","121","Sydney - North Sydney and Hornsby","12102","Hornsby","121021404","Berowra - Brooklyn - Cowan","12052"
"1","New South Wales","1GSYD","Greater Sydney","121","Sydney - North Sydney and Hornsby","12102","Hornsby","121021406","Normanhurst - Thornleigh - Westleigh","19157"
"1","New South Wales","1GSYD","Greater Sydney","121","Sydney - North Sydney and Hornsby","12102","Hornsby","121021577","Hornsby - East","12560"
"1","New South Wales","1GSYD","Greater Sydney","121","Sydney - North Sydney and Hornsby","12102","Hornsby","121021578","Hornsby - West","11225"
"1","New South Wales","1GSYD","Greater Sydney","121","Sydney - North Sydney and Hornsby","12102","Hornsby","121021579","Waitara - Wahroonga (West)","10329"
"1","New South Wales","1GSYD","Greater Sydney","121","Sydney - North Sydney and Hornsby","12103","Ku-ring-gai","121031407","Gordon - Killara","22635"
"1","New South Wales","1GSYD","Greater Sydney","121","Sydney - North Sydney and Hornsby","12103","Ku-ring-gai","121031408","Lindfield - Roseville","24587"
"1","New South Wales","1GSYD","Greater Sydney","121","Sydney - North Sydney and Hornsby","12103","Ku-ring-gai","121031409","Pymble","17201"
"1","New South Wales","1GSYD","Greater Sydney","121","Sydney - North Sydney and Hornsby","12103","Ku-ring-gai","121031410","St Ives","21642"
"1","New South Wales","1GSYD","Greater Sydney","121","Sydney - North Sydney and Hornsby","12103","Ku-ring-gai","121031411","Turramurra","20059"
"1","New South Wales","1GSYD","Greater Sydney","121","Sydney - North Sydney and Hornsby","12103","Ku-ring-gai","121031412","Wahroonga (East) - Warrawee","18599"
"1","New South Wales","1GSYD","Greater Sydney","121","Sydney - North Sydney and Hornsby","12104","North Sydney - Mosman","121041413","Cremorne - Cammeray","20401"
"1","New South Wales","1GSYD","Greater Sydney","121","Sydney - North Sydney and Hornsby","12104","North Sydney - Mosman","121041414","Crows Nest - Waverton","19340"
"1","New South Wales","1GSYD","Greater Sydney","121","Sydney - North Sydney and Hornsby","12104","North Sydney - Mosman","121041415","Mosman","30564"
"1","New South Wales","1GSYD","Greater Sydney","121","Sydney - North Sydney and Hornsby","12104","North Sydney - Mosman","121041416","Neutral Bay - Kirribilli","19311"
"1","New South Wales","1GSYD","Greater Sydney","121","Sydney - North Sydney and Hornsby","12104","North Sydney - Mosman","121041417","North Sydney - Lavender Bay","11751"
"1","New South Wales","1GSYD","Greater Sydney","122","Sydney - Northern Beaches","12201","Manly","122011418","Balgowlah - Clontarf - Seaforth","21321"
"1","New South Wales","1GSYD","Greater Sydney","122","Sydney - Northern Beaches","12201","Manly","122011419","Manly - Fairlight","24090"
"1","New South Wales","1GSYD","Greater Sydney","122","Sydney - Northern Beaches","12202","Pittwater","122021420","Avalon - Palm Beach","13003"
"1","New South Wales","1GSYD","Greater Sydney","122","Sydney - Northern Beaches","12202","Pittwater","122021421","Bayview - Elanora Heights","11228"
"1","New South Wales","1GSYD","Greater Sydney","122","Sydney - Northern Beaches","12202","Pittwater","122021422","Newport - Bilgola","13929"
"1","New South Wales","1GSYD","Greater Sydney","122","Sydney - Northern Beaches","12202","Pittwater","122021423","Warriewood - Mona Vale","25634"
"1","New South Wales","1GSYD","Greater Sydney","122","Sydney - Northern Beaches","12203","Warringah","122031424","Beacon Hill - Narraweena","14670"
"1","New South Wales","1GSYD","Greater Sydney","122","Sydney - Northern Beaches","12203","Warringah","122031425","Cromer","7883"
"1","New South Wales","1GSYD","Greater Sydney","122","Sydney - Northern Beaches","12203","Warringah","122031426","Dee Why - North Curl Curl","26748"
"1","New South Wales","1GSYD","Greater Sydney","122","Sydney - Northern Beaches","12203","Warringah","122031427","Forestville - Killarney Heights","13337"
"1","New South Wales","1GSYD","Greater Sydney","122","Sydney - Northern Beaches","12203","Warringah","122031428","Frenchs Forest - Belrose","26266"
"1","New South Wales","1GSYD","Greater Sydney","122","Sydney - Northern Beaches","12203","Warringah","122031429","Freshwater - Brookvale","22577"
"1","New South Wales","1GSYD","Greater Sydney","122","Sydney - Northern Beaches","12203","Warringah","122031430","Manly Vale - Allambie Heights","17929"
"1","New South Wales","1GSYD","Greater Sydney","122","Sydney - Northern Beaches","12203","Warringah","122031431","Narrabeen - Collaroy","26245"
"1","New South Wales","1GSYD","Greater Sydney","122","Sydney - Northern Beaches","12203","Warringah","122031432","Terrey Hills - Duffys Forest","3806"
"1","New South Wales","1GSYD","Greater Sydney","123","Sydney - Outer South West","12301","Camden","123011433","Camden - Ellis Lane","13398"
"1","New South Wales","1GSYD","Greater Sydney","123","Sydney - Outer South West","12301","Camden","123011434","Elderslie - Harrington Park","22760"
"1","New South Wales","1GSYD","Greater Sydney","123","Sydney - Outer South West","12301","Camden","123011435","Mount Annan - Currans Hill","30471"
"1","New South Wales","1GSYD","Greater Sydney","123","Sydney - Outer South West","12302","Campbelltown (NSW)","123021436","Bradbury - Wedderburn","19661"
"1","New South Wales","1GSYD","Greater Sydney","123","Sydney - Outer South West","12302","Campbelltown (NSW)","123021437","Campbelltown - Woodbine","19483"
"1","New South Wales","1GSYD","Greater Sydney","123","Sydney - Outer South West","12302","Campbelltown (NSW)","123021438","Claymore - Eagle Vale - Raby","20912"
"1","New South Wales","1GSYD","Greater Sydney","123","Sydney - Outer South West","12302","Campbelltown (NSW)","123021439","Holsworthy Military Area","0"
"1","New South Wales","1GSYD","Greater Sydney","123","Sydney - Outer South West","12302","Campbelltown (NSW)","123021440","Ingleburn - Denham Court","21815"
"1","New South Wales","1GSYD","Greater Sydney","123","Sydney - Outer South West","12302","Campbelltown (NSW)","123021441","Leumeah - Minto Heights","17067"
"1","New South Wales","1GSYD","Greater Sydney","123","Sydney - Outer South West","12302","Campbelltown (NSW)","123021442","Macquarie Fields - Glenfield","24581"
"1","New South Wales","1GSYD","Greater Sydney","123","Sydney - Outer South West","12302","Campbelltown (NSW)","123021443","Minto - St Andrews","21165"
"1","New South Wales","1GSYD","Greater Sydney","123","Sydney - Outer South West","12302","Campbelltown (NSW)","123021444","Rosemeadow - Glen Alpine","21348"
"1","New South Wales","1GSYD","Greater Sydney","123","Sydney - Outer South West","12303","Wollondilly","123031445","Bargo","5880"
"1","New South Wales","1GSYD","Greater Sydney","123","Sydney - Outer South West","12303","Wollondilly","123031446","Douglas Park - Appin","10411"
"1","New South Wales","1GSYD","Greater Sydney","123","Sydney - Outer South West","12303","Wollondilly","123031447","Picton - Tahmoor - Buxton","17508"
"1","New South Wales","1GSYD","Greater Sydney","123","Sydney - Outer South West","12303","Wollondilly","123031448","The Oaks - Oakdale","9486"
"1","New South Wales","1GSYD","Greater Sydney","124","Sydney - Outer West and Blue Mountains","12401","Blue Mountains","124011449","Blackheath - Megalong Valley","5739"
"1","New South Wales","1GSYD","Greater Sydney","124","Sydney - Outer West and Blue Mountains","12401","Blue Mountains","124011450","Blaxland - Warrimoo - Lapstone","19480"
"1","New South Wales","1GSYD","Greater Sydney","124","Sydney - Outer West and Blue Mountains","12401","Blue Mountains","124011451","Blue Mountains - North","13"
"1","New South Wales","1GSYD","Greater Sydney","124","Sydney - Outer West and Blue Mountains","12401","Blue Mountains","124011452","Katoomba - Leura","13684"
"1","New South Wales","1GSYD","Greater Sydney","124","Sydney - Outer West and Blue Mountains","12401","Blue Mountains","124011453","Lawson - Hazelbrook - Linden","11539"
"1","New South Wales","1GSYD","Greater Sydney","124","Sydney - Outer West and Blue Mountains","12401","Blue Mountains","124011454","Springwood - Winmalee","22121"
"1","New South Wales","1GSYD","Greater Sydney","124","Sydney - Outer West and Blue Mountains","12401","Blue Mountains","124011455","Wentworth Falls","6215"
"1","New South Wales","1GSYD","Greater Sydney","124","Sydney - Outer West and Blue Mountains","12402","Blue Mountains - South","124021456","Blue Mountains - South","4"
"1","New South Wales","1GSYD","Greater Sydney","124","Sydney - Outer West and Blue Mountains","12403","Penrith","124031457","Cambridge Park","16064"
"1","New South Wales","1GSYD","Greater Sydney","124","Sydney - Outer West and Blue Mountains","12403","Penrith","124031458","Castlereagh - Cranebrook","25594"
"1","New South Wales","1GSYD","Greater Sydney","124","Sydney - Outer West and Blue Mountains","12403","Penrith","124031459","Emu Plains - Leonay","14550"
"1","New South Wales","1GSYD","Greater Sydney","124","Sydney - Outer West and Blue Mountains","12403","Penrith","124031460","Glenmore Park - Regentville","21787"
"1","New South Wales","1GSYD","Greater Sydney","124","Sydney - Outer West and Blue Mountains","12403","Penrith","124031461","Jamisontown - South Penrith","17721"
"1","New South Wales","1GSYD","Greater Sydney","124","Sydney - Outer West and Blue Mountains","12403","Penrith","124031462","Kingswood - Werrington","20750"
"1","New South Wales","1GSYD","Greater Sydney","124","Sydney - Outer West and Blue Mountains","12403","Penrith","124031463","Mulgoa - Luddenham - Orchard Hills","10323"
"1","New South Wales","1GSYD","Greater Sydney","124","Sydney - Outer West and Blue Mountains","12403","Penrith","124031464","Penrith","14279"
"1","New South Wales","1GSYD","Greater Sydney","124","Sydney - Outer West and Blue Mountains","12403","Penrith","124031465","Warragamba - Silverdale","5434"
"1","New South Wales","1GSYD","Greater Sydney","124","Sydney - Outer West and Blue Mountains","12404","Richmond - Windsor","124041466","Richmond - Clarendon","14255"
"1","New South Wales","1GSYD","Greater Sydney","124","Sydney - Outer West and Blue Mountains","12404","Richmond - Windsor","124041467","Windsor - Bligh Park","15691"
"1","New South Wales","1GSYD","Greater Sydney","124","Sydney - Outer West and Blue Mountains","12404","Richmond - Windsor","124041468","Yarramundi - Londonderry","7751"
"1","New South Wales","1GSYD","Greater Sydney","124","Sydney - Outer West and Blue Mountains","12405","St Marys","124051469","Erskine Park","6647"
"1","New South Wales","1GSYD","Greater Sydney","124","Sydney - Outer West and Blue Mountains","12405","St Marys","124051470","St Clair","20529"
"1","New South Wales","1GSYD","Greater Sydney","124","Sydney - Outer West and Blue Mountains","12405","St Marys","124051580","Colyton - Oxley Park","12074"
"1","New South Wales","1GSYD","Greater Sydney","124","Sydney - Outer West and Blue Mountains","12405","St Marys","124051581","St Marys - North St Marys","16764"
"1","New South Wales","1GSYD","Greater Sydney","125","Sydney - Parramatta","12501","Auburn","125011473","Homebush Bay - Silverwater","21175"
"1","New South Wales","1GSYD","Greater Sydney","125","Sydney - Parramatta","12501","Auburn","125011475","Rookwood Cemetery","3"
"1","New South Wales","1GSYD","Greater Sydney","125","Sydney - Parramatta","12501","Auburn","125011582","Auburn - Central","18647"
"1","New South Wales","1GSYD","Greater Sydney","125","Sydney - Parramatta","12501","Auburn","125011583","Auburn - North","12428"
"1","New South Wales","1GSYD","Greater Sydney","125","Sydney - Parramatta","12501","Auburn","125011584","Auburn - South","9056"
"1","New South Wales","1GSYD","Greater Sydney","125","Sydney - Parramatta","12501","Auburn","125011585","Berala","9471"
"1","New South Wales","1GSYD","Greater Sydney","125","Sydney - Parramatta","12501","Auburn","125011586","Lidcombe","21755"
"1","New South Wales","1GSYD","Greater Sydney","125","Sydney - Parramatta","12501","Auburn","125011587","Regents Park","5286"
"1","New South Wales","1GSYD","Greater Sydney","125","Sydney - Parramatta","12502","Carlingford","125021476","Carlingford","29422"
"1","New South Wales","1GSYD","Greater Sydney","125","Sydney - Parramatta","12502","Carlingford","125021477","Ermington - Rydalmere","22902"
"1","New South Wales","1GSYD","Greater Sydney","125","Sydney - Parramatta","12502","Carlingford","125021478","Oatlands - Dundas Valley","18796"
"1","New South Wales","1GSYD","Greater Sydney","125","Sydney - Parramatta","12503","Merrylands - Guildford","125031479","Chester Hill - Sefton","19706"
"1","New South Wales","1GSYD","Greater Sydney","125","Sydney - Parramatta","12503","Merrylands - Guildford","125031480","Fairfield - East","16300"
"1","New South Wales","1GSYD","Greater Sydney","125","Sydney - Parramatta","12503","Merrylands - Guildford","125031481","Granville - Clyde","22287"
"1","New South Wales","1GSYD","Greater Sydney","125","Sydney - Parramatta","12503","Merrylands - Guildford","125031482","Greystanes - Pemulwuy","27733"
"1","New South Wales","1GSYD","Greater Sydney","125","Sydney - Parramatta","12503","Merrylands - Guildford","125031483","Guildford - South Granville","22606"
"1","New South Wales","1GSYD","Greater Sydney","125","Sydney - Parramatta","12503","Merrylands - Guildford","125031484","Guildford West - Merrylands West","21964"
"1","New South Wales","1GSYD","Greater Sydney","125","Sydney - Parramatta","12503","Merrylands - Guildford","125031485","Merrylands - Holroyd","30497"
"1","New South Wales","1GSYD","Greater Sydney","125","Sydney - Parramatta","12503","Merrylands - Guildford","125031486","Smithfield Industrial","11"
"1","New South Wales","1GSYD","Greater Sydney","125","Sydney - Parramatta","12503","Merrylands - Guildford","125031487","Yennora Industrial","14"
"1","New South Wales","1GSYD","Greater Sydney","125","Sydney - Parramatta","12504","Parramatta","125041489","North Parramatta","23792"
"1","New South Wales","1GSYD","Greater Sydney","125","Sydney - Parramatta","12504","Parramatta","125041490","North Rocks","8248"
"1","New South Wales","1GSYD","Greater Sydney","125","Sydney - Parramatta","12504","Parramatta","125041491","Northmead","21970"
"1","New South Wales","1GSYD","Greater Sydney","125","Sydney - Parramatta","12504","Parramatta","125041492","Parramatta - Rosehill","32516"
"1","New South Wales","1GSYD","Greater Sydney","125","Sydney - Parramatta","12504","Parramatta","125041493","Toongabbie - Constitution Hill","22878"
"1","New South Wales","1GSYD","Greater Sydney","125","Sydney - Parramatta","12504","Parramatta","125041494","Winston Hills","11133"
"1","New South Wales","1GSYD","Greater Sydney","125","Sydney - Parramatta","12504","Parramatta","125041588","Pendle Hill - Girraween","13654"
"1","New South Wales","1GSYD","Greater Sydney","125","Sydney - Parramatta","12504","Parramatta","125041589","Wentworthville - Westmead","16675"
"1","New South Wales","1GSYD","Greater Sydney","126","Sydney - Ryde","12601","Pennant Hills - Epping","126011495","Epping - North Epping","29066"
"1","New South Wales","1GSYD","Greater Sydney","126","Sydney - Ryde","12601","Pennant Hills - Epping","126011496","Pennant Hills - Cheltenham","21476"
"1","New South Wales","1GSYD","Greater Sydney","126","Sydney - Ryde","12602","Ryde - Hunters Hill","126021497","Eastwood - Denistone","26622"
"1","New South Wales","1GSYD","Greater Sydney","126","Sydney - Ryde","12602","Ryde - Hunters Hill","126021498","Gladesville - Huntleys Point","15219"
"1","New South Wales","1GSYD","Greater Sydney","126","Sydney - Ryde","12602","Ryde - Hunters Hill","126021499","Hunters Hill - Woolwich","10922"
"1","New South Wales","1GSYD","Greater Sydney","126","Sydney - Ryde","12602","Ryde - Hunters Hill","126021500","Macquarie Park - Marsfield","23258"
"1","New South Wales","1GSYD","Greater Sydney","126","Sydney - Ryde","12602","Ryde - Hunters Hill","126021501","North Ryde - East Ryde","12957"
"1","New South Wales","1GSYD","Greater Sydney","126","Sydney - Ryde","12602","Ryde - Hunters Hill","126021503","West Ryde - Meadowbank","20864"
"1","New South Wales","1GSYD","Greater Sydney","126","Sydney - Ryde","12602","Ryde - Hunters Hill","126021590","Putney","4267"
"1","New South Wales","1GSYD","Greater Sydney","126","Sydney - Ryde","12602","Ryde - Hunters Hill","126021591","Ryde","29709"
"1","New South Wales","1GSYD","Greater Sydney","127","Sydney - South West","12701","Bringelly - Green Valley","127011504","Ashcroft - Busby - Miller","18101"
"1","New South Wales","1GSYD","Greater Sydney","127","Sydney - South West","12701","Bringelly - Green Valley","127011505","Austral - Greendale","9165"
"1","New South Wales","1GSYD","Greater Sydney","127","Sydney - South West","12701","Bringelly - Green Valley","127011506","Cobbitty - Leppington","22432"
"1","New South Wales","1GSYD","Greater Sydney","127","Sydney - South West","12701","Bringelly - Green Valley","127011592","Badgerys Creek","62"
"1","New South Wales","1GSYD","Greater Sydney","127","Sydney - South West","12701","Bringelly - Green Valley","127011593","Cecil Hills","7293"
"1","New South Wales","1GSYD","Greater Sydney","127","Sydney - South West","12701","Bringelly - Green Valley","127011594","Green Valley","13052"
"1","New South Wales","1GSYD","Greater Sydney","127","Sydney - South West","12701","Bringelly - Green Valley","127011595","Hinchinbrook","13195"
"1","New South Wales","1GSYD","Greater Sydney","127","Sydney - South West","12701","Bringelly - Green Valley","127011596","Hoxton Park - Carnes Hill - Horningsea Park","12553"
"1","New South Wales","1GSYD","Greater Sydney","127","Sydney - South West","12701","Bringelly - Green Valley","127011597","West Hoxton - Middleton Grange","16656"
"1","New South Wales","1GSYD","Greater Sydney","127","Sydney - South West","12702","Fairfield","127021509","Bonnyrigg Heights - Bonnyrigg","16752"
"1","New South Wales","1GSYD","Greater Sydney","127","Sydney - South West","12702","Fairfield","127021510","Bossley Park - Abbotsbury","19700"
"1","New South Wales","1GSYD","Greater Sydney","127","Sydney - South West","12702","Fairfield","127021511","Cabramatta - Lansvale","25747"
"1","New South Wales","1GSYD","Greater Sydney","127","Sydney - South West","12702","Fairfield","127021512","Cabramatta West - Mount Pritchard","18005"
"1","New South Wales","1GSYD","Greater Sydney","127","Sydney - South West","12702","Fairfield","127021513","Canley Vale - Canley Heights","21799"
"1","New South Wales","1GSYD","Greater Sydney","127","Sydney - South West","12702","Fairfield","127021514","Edensor Park","10298"
"1","New South Wales","1GSYD","Greater Sydney","127","Sydney - South West","12702","Fairfield","127021515","Fairfield","18759"
"1","New South Wales","1GSYD","Greater Sydney","127","Sydney - South West","12702","Fairfield","127021516","Fairfield - West","20241"
"1","New South Wales","1GSYD","Greater Sydney","127","Sydney - South West","12702","Fairfield","127021517","Greenfield Park - Prairiewood","8740"
"1","New South Wales","1GSYD","Greater Sydney","127","Sydney - South West","12702","Fairfield","127021518","Horsley Park - Kemps Creek","4678"
"1","New South Wales","1GSYD","Greater Sydney","127","Sydney - South West","12702","Fairfield","127021519","Smithfield - Wetherill Park","18914"
"1","New South Wales","1GSYD","Greater Sydney","127","Sydney - South West","12702","Fairfield","127021520","St Johns Park - Wakeley","11214"
"1","New South Wales","1GSYD","Greater Sydney","127","Sydney - South West","12702","Fairfield","127021521","Wetherill Park Industrial","36"
"1","New South Wales","1GSYD","Greater Sydney","127","Sydney - South West","12703","Liverpool","127031522","Casula","16521"
"1","New South Wales","1GSYD","Greater Sydney","127","Sydney - South West","12703","Liverpool","127031523","Chipping Norton - Moorebank","19926"
"1","New South Wales","1GSYD","Greater Sydney","127","Sydney - South West","12703","Liverpool","127031524","Holsworthy - Wattle Grove","21550"
"1","New South Wales","1GSYD","Greater Sydney","127","Sydney - South West","12703","Liverpool","127031598","Liverpool","29450"
"1","New South Wales","1GSYD","Greater Sydney","127","Sydney - South West","12703","Liverpool","127031599","Lurnea - Cartwright","12224"
"1","New South Wales","1GSYD","Greater Sydney","127","Sydney - South West","12703","Liverpool","127031600","Prestons - Edmondson Park","19204"
"1","New South Wales","1GSYD","Greater Sydney","127","Sydney - South West","12703","Liverpool","127031601","Warwick Farm","6392"
"1","New South Wales","1GSYD","Greater Sydney","128","Sydney - Sutherland","12801","Cronulla - Miranda - Caringbah","128011529","Gymea - Grays Point","18155"
"1","New South Wales","1GSYD","Greater Sydney","128","Sydney - Sutherland","12801","Cronulla - Miranda - Caringbah","128011530","Miranda - Yowie Bay","19029"
"1","New South Wales","1GSYD","Greater Sydney","128","Sydney - Sutherland","12801","Cronulla - Miranda - Caringbah","128011531","Sylvania - Taren Point","16904"
"1","New South Wales","1GSYD","Greater Sydney","128","Sydney - Sutherland","12801","Cronulla - Miranda - Caringbah","128011602","Caringbah","12365"
"1","New South Wales","1GSYD","Greater Sydney","128","Sydney - Sutherland","12801","Cronulla - Miranda - Caringbah","128011603","Caringbah South","12564"
"1","New South Wales","1GSYD","Greater Sydney","128","Sydney - Sutherland","12801","Cronulla - Miranda - Caringbah","128011604","Cronulla - Kurnell - Bundeena","24965"
"1","New South Wales","1GSYD","Greater Sydney","128","Sydney - Sutherland","12801","Cronulla - Miranda - Caringbah","128011605","Lilli Pilli - Port Hacking - Dolans Bay","3265"
"1","New South Wales","1GSYD","Greater Sydney","128","Sydney - Sutherland","12801","Cronulla - Miranda - Caringbah","128011606","Woolaware - Burraneer","8218"
"1","New South Wales","1GSYD","Greater Sydney","128","Sydney - Sutherland","12802","Sutherland - Menai - Heathcote","128021533","Heathcote - Waterfall","6681"
"1","New South Wales","1GSYD","Greater Sydney","128","Sydney - Sutherland","12802","Sutherland - Menai - Heathcote","128021534","Illawong - Alfords Point","10780"
"1","New South Wales","1GSYD","Greater Sydney","128","Sydney - Sutherland","12802","Sutherland - Menai - Heathcote","128021535","Menai - Lucas Heights - Woronora","21726"
"1","New South Wales","1GSYD","Greater Sydney","128","Sydney - Sutherland","12802","Sutherland - Menai - Heathcote","128021536","Oyster Bay - Como - Jannali","21951"
"1","New South Wales","1GSYD","Greater Sydney","128","Sydney - Sutherland","12802","Sutherland - Menai - Heathcote","128021537","Royal National Park","28"
"1","New South Wales","1GSYD","Greater Sydney","128","Sydney - Sutherland","12802","Sutherland - Menai - Heathcote","128021538","Sutherland - Kirrawee","21814"
"1","New South Wales","1GSYD","Greater Sydney","128","Sydney - Sutherland","12802","Sutherland - Menai - Heathcote","128021607","Engadine","17410"
"1","New South Wales","1GSYD","Greater Sydney","128","Sydney - Sutherland","12802","Sutherland - Menai - Heathcote","128021608","Loftus - Yarrawarrah","7443"
"1","New South Wales","1GSYD","Greater Sydney","128","Sydney - Sutherland","12802","Sutherland - Menai - Heathcote","128021609","Woronora Heights","3697"
